ID,occurrenceID,catalogNumber,otherCatalogNumbers,NEON_ID,Absorbance,Slope ,Intercept,ppm_P,mg P_g litter,percent_P,percent_C,percent_N,CN,13C,15N,plotID,decimalLatitude,decimalLongitude
1,NEON01164,NEON01164,NEON sampleCode (barcode): A00000032819; NEON sampleID: NEON.ltr.HARV051.20181015.lvs.ar,241830,1.005,0.0508,0.1402,17.023622,0.8511811,0.000851181,51.19,1.03,49.6,-29.7,-4.2,HARV_051,42.53409,-72.179145
2,NEON0116M,NEON0116M,NEON sampleCode (barcode): A00000032742; NEON sampleID: NEON.ltr.HARV039.20181016.ndl.ar,241862,0.674,0.0508,0.1402,10.507874,0.5253937,0.000525394,53.77,0.63,85.34920635,-28.7,-1.1,HARV_039,42.533244,20
3,NEON0116N,NEON0116N,NEON sampleCode (barcode): A00000032757; NEON sampleID: NEON.ltr.HARV039.20181016.lvs.ar,241864,1.81366667,0.0508,0.1402,32.9422572,1.64711286,0.001647113,51.21,0.91,56.5,-29.8,-3.4,HARV_039,42.533244,20
4,NEON0116S,NEON0116S,NEON sampleCode (barcode): A00000032788; NEON sampleID: NEON.ltr.HARV035.20181015.lvs.ar,241874,1.662,0.0508,0.1402,29.9566929,1.497834645,0.001497835,52.19,0.94,55.3,-30.8,-5.1,HARV_035,42.539971,-72.178087
5,NEON0116T,NEON0116T,NEON sampleCode (barcode): A00000032796; NEON sampleID: NEON.ltr.HARV034.20181016.ndl.ar,241876,0.6485,0.0508,0.1402,8.560824742,0.428041237,0.000428041,53.66,0.61,87.7,-28.5,-3,HARV_034,42.535693,-72.177962
6,NEON0116U,NEON0116U,NEON sampleCode (barcode): A00000032792; NEON sampleID: NEON.ltr.HARV034.20181016.lvs.ar,241878,1.184,0.0508,0.1402,20.5472441,1.027362205,0.001027362,50.34,0.78,64.6,-30.5,-5,HARV_034,42.535693,-72.177962
7,NEON0116V,NEON0116V,NEON sampleCode (barcode): A00000032823; NEON sampleID: NEON.ltr.HARV033.20181015.ndl.ar,241880,0.81866667,0.0508,0.1402,13.355643,0.66778215,0.000667782,53.69,0.53,101.3018868,-28.9,1.9,HARV_033,42.53831,-72.175606
8,NEON0116W,NEON0116W,NEON sampleCode (barcode): A00000032807; NEON sampleID: NEON.ltr.HARV033.20181015.lvs.ar,241882,1.22966667,0.0508,0.1402,21.4461942,1.07230971,0.00107231,50.15,0.99,50.8,-29.2,-3,HARV_033,42.53831,-72.175606
9,NEON0118M,NEON0118M,NEON sampleID: NEON.ltr.SCBI062.20171113.lvs.ar,246683,1.13066667,0.0508,0.1402,19.4973753,0.974868765,0.000974869,50.39,0.87,57.8,-29.8,-2.7,SCBI_062,38.895117,-78.138236
10,NEON0118Q,NEON0118Q,NEON sampleID: NEON.ltr.SCBI048.20171113.lvs.ar,246687,0.79733333,0.0508,0.1402,12.9356955,0.646784775,0.000646785,50.76,0.97,52.4,-30.5,-2.3,SCBI_048,38.892604,-78.135922
11,NEON0118R,NEON0118R,NEON sampleID: NEON.ltr.SCBI047.20171113.lvs.ar,246688,0.81466667,0.0508,0.1402,13.2769029,0.663845145,0.000663845,50.11,0.87,57.6,-29.6,-3.8,SCBI_047,38.894261,-78.1372
12,NEON0118S,NEON0118S,NEON sampleID: NEON.ltr.SCBI046.20171113.lvs.ar,246689,0.863,0.0508,0.1402,14.2283465,0.711417325,0.000711417,51.37,0.63,81.1,-29.1,-2.5,SCBI_046,38.893831,-78.140758
13,NEON0118T,NEON0118T,NEON sampleID: NEON.ltr.SCBI045.20171113.lvs.ar,246690,1.52766667,0.0508,0.1402,27.312336,1.3656168,0.001365617,50.43,1.04,48.4,-29.1,-1.8,SCBI_045,38.890566,-78.139431
14,NEON01183,NEON01183,NEON sampleCode (barcode): A00000007068; NEON sampleID: NEON.ltr.GUAN057.20180427.lvs.ar,244905,0.51066667,0.0508,0.1402,7.29265092,0.364632546,0.000364633,45.19,1.19,37.8,-29.4,3.1,GUAN_057,17.96857,-66.865136
15,NEON0118D,NEON0118D,NEON sampleCode (barcode): A00000007002; NEON sampleID: NEON.ltr.GUAN045.20180427.lvs.ar,244915,0.503,0.0508,0.1402,7.14173228,0.357086614,0.000357087,44.95,1.15,39.2,-29,0,GUAN_045,17.969212,-66.873903
16,NEON0118G,NEON0118G,NEON sampleCode (barcode): A00000007081; NEON sampleID: NEON.ltr.GUAN047.20180427.lvs.ar,244918,0.459,0.0508,0.1402,6.27559055,0.313779528,0.00031378,47.1,1.18,34.1,-30,-0.9,GUAN_047,17.973185,-66.866786
17,NEON0118H,NEON0118H,NEON sampleCode (barcode): A00000007116; NEON sampleID: NEON.ltr.GUAN056.20180427.lvs.ar,244919,0.403,0.0508,0.1402,5.17322835,0.258661418,0.000258661,49.72,0.75,66.5,-29.7,-0.8,GUAN_056,17.971008,-66.865387
18,NEON0118I,NEON0118I,NEON sampleCode (barcode): A00000007130; NEON sampleID: NEON.ltr.GUAN049.20180427.lvs.ar,244920,0.47133333,0.0508,0.1402,6.5183727,0.325918635,0.000325919,44.82,1.6,28.1,-28.9,4.1,GUAN_049,17.967743,-66.8643
19,NEON011AK,NEON011AK,NEON sampleCode (barcode): B00000061778; NEON sampleID: NEON.ltr.UNDE037.20191007.lvs.ar,476765,0.51,0.0508,0.1402,7.27952756,0.363976378,0.000363976,49.05,0.55,89.1,-29,-5.5,UNDE_037,46.231276,-89.541941
20,NEON011AM,NEON011AM,NEON sampleCode (barcode): B00000061745; NEON sampleID: NEON.ltr.UNDE043.20191007.lvs.ar,476769,0.91166667,0.0508,0.1402,15.1863517,0.759317585,0.000759318,50.14,0.73,69.1,-29.4,-2.3,UNDE_043,46.234247,-89.542459
21,NEON011AQ,NEON011AQ,NEON sampleCode (barcode): B00000061889; NEON sampleID: NEON.ltr.UNDE048.20191007.lvs.ar,476777,0.52333333,0.0508,0.1402,7.54199475,0.377099738,0.0003771,50.67,0.58,87.4,-29.1,-4.4,UNDE_048,46.232136,-89.540445
22,NEON011AR,NEON011AR,NEON sampleCode (barcode): B00000061747; NEON sampleID: NEON.ltr.UNDE049.20191007.lvs.ar,476780,0.55466667,0.0508,0.1402,8.15879265,0.407939633,0.00040794,48.95,0.98,49.9,-28.6,-1.4,UNDE_049,46.230581,-89.536457
23,NEON011AU,NEON011AU,NEON sampleCode (barcode): B00000061762; NEON sampleID: NEON.ltr.UNDE057.20191007.lvs.ar,476787,0.71333333,0.0508,0.1402,11.2821522,0.56410761,0.000564108,49.74,0.92,52.8,-30.2,-2.6,UNDE_057,46.2343,-89.540921
24,NEON02C25,NEON02C25,NEON sampleCode (barcode): A00000145783; NEON sampleID: NEON.ltr.DELA040.20191118.lvs.ar,665416,2.412,0.0508,0.1402,44.7204724,2.23602362,0.002236024,48.35,1.32,36.5,-29.2,2.2,DELA_040,32.53881,-87.804512
25,NEON02C26,NEON02C26,NEON sampleCode (barcode): A00000145774; NEON sampleID: NEON.ltr.DELA041.20191118.lvs.ar,665417,1.925,0.0508,0.1402,35.1338583,1.756692915,0.001756693,48.15,0.99,48.5,-29.2,1.5,DELA_041,32.540703,-87.807742
26,NEON02C27,NEON02C27,NEON sampleCode (barcode): A00000145757; NEON sampleID: NEON.ltr.DELA042.20191118.lvs.ar,665418,1.46025,0.0508,0.1402,25.9852362,1.29926181,0.001299262,46.44,1.2,38.9,-30.6,-0.5,DELA_042,32.541787,-87.805204
27,NEON02C28,NEON02C28,NEON sampleCode (barcode): A00000145707; NEON sampleID: NEON.ltr.DELA043.20191118.lvs.ar,665419,1.49833333,0.0508,0.1402,26.7349081,1.336745405,0.001336745,46.69,1.22,38.2,-29.3,1,DELA_043,32.540689,-87.806192
28,NEON02C2C,NEON02C2C,NEON sampleCode (barcode): A00000145782; NEON sampleID: NEON.ltr.DELA047.20191118.lvs.ar,665423,1.36733333,0.0508,0.1402,24.156168,1.2078084,0.001207808,47.9,1.2,39.9,-30,2.2,DELA_047,32.539653,-87.800371
29,NEON01172,NEON01172,NEON sampleCode (barcode): A00000044755; NEON sampleID: NEON.ltr.MLBS075.20181009.lvs.ar,244655,1.473,0.0508,0.1402,26.2362205,1.311811025,0.001311811,52.06,1.42,36.8,-28.5,-2.4,MLBS_075,37.377761,-80.524585
30,NEON01173,NEON01173,NEON sampleCode (barcode): A00000044752; NEON sampleID: NEON.ltr.MLBS074.20181009.lvs.ar,244656,1.578,0.0508,0.1402,28.3031496,1.41515748,0.001415157,50.39,1.1,45.9,-28.4,-1.7,MLBS_074,37.377761,-80.524585
31,NEON01174,NEON01174,NEON sampleCode (barcode): A00000044749; NEON sampleID: NEON.ltr.MLBS073.20181009.lvs.ar,244657,1.45666667,0.0508,0.1402,25.9146982,1.29573491,0.001295735,51.06,1.07,47.8,-28.2,-2.3,MLBS_073,37.378011,-80.525919
32,NEON0117A,NEON0117A,NEON sampleCode (barcode): A00000044729; NEON sampleID: NEON.ltr.MLBS067.20181009.lvs.ar,244663,1.231,0.0508,0.1402,21.4724409,1.073622045,0.001073622,51.27,1.16,44.2,-29.1,-3,MLBS_067,37.37856,-80.52727
33,NEON0117E,NEON0117E,NEON sampleCode (barcode): A00000044718; NEON sampleID: NEON.ltr.MLBS063.20181009.lvs.ar,244667,1.968,0.0508,0.1402,35.980315,1.79901575,0.001799016,50.55,1.35,37.4,-28.2,-3.1,MLBS_063,37.37556,-80.520162
34,NEON02HZ0,NEON02HZ0,NEON sampleCode (barcode): A00000106506; NEON sampleID: NEON.ltr.WREF070.20190924.ndl.ar,730537,0.82166667,0.0508,0.1402,13.4146982,0.67073491,0.000670735,52.68,0.48,109.2,-29.8,-5.9,WREF_070,45.823126,-121.958667
35,NEON02HZ3,NEON02HZ3,NEON sampleCode (barcode): A00000106497; NEON sampleID: NEON.ltr.WREF077.20190924.ndl.ar,730540,1.22,0.0508,0.1402,21.2559055,1.062795275,0.001062795,53.05,0.41,129.4,-30.1,-7.5,WREF_077,45.826901,-121.958225
36,NEON02HZ4,NEON02HZ4,NEON sampleCode (barcode): A00000106493; NEON sampleID: NEON.ltr.WREF075.20190924.ndl.ar,730541,1.01866667,0.0508,0.1402,17.2926509,0.864632545,0.000864633,53.68,0.49,109.6,-29.9,-5.6,WREF_075,45.822925,-121.960577
37,NEON02HZA,NEON02HZA,NEON sampleCode (barcode): A00000106526; NEON sampleID: NEON.ltr.WREF089.20190924.ndl.ar,730547,0.88366667,0.0508,0.1402,14.6351706,0.73175853,0.000731759,54.13,0.4,134.3,-30,-7.5,WREF_089,45.822925,-121.960577
38,NEON02HZD,NEON02HZD,NEON sampleCode (barcode): A00000106523; NEON sampleID: NEON.ltr.WREF086.20190924.ndl.ar,730550,0.86,0.0508,0.1402,14.1692913,0.708464565,0.000708465,54.14,0.4,135.1,-30.1,-6.7,WREF_086,45.822279,-121.957115
39,NEON011B3,NEON011B3,NEON sampleCode (barcode): A00000026745; NEON sampleID: NEON.ltr.SJER047.20191007.ndl.ar,481265,0.80966667,0.0508,0.1402,13.1784777,0.658923885,0.000658924,52.32,0.9,58.4,-27.5,-2.7,SJER_047,37.101659,-119.734563
40,NEON011B4,NEON011B4,NEON sampleCode (barcode): A00000098102; NEON sampleID: NEON.ltr.SJER052.20191007.lvs.ar,481266,1.22833333,0.0508,0.1402,21.4199475,1.070997375,0.001070997,47.43,1.03,46.1,-27.6,-2.7,SJER_052,37.109472,-119.723712
41,NEON011B5,NEON011B5,NEON sampleCode (barcode): A00000026775; NEON sampleID: NEON.ltr.SJER054.20191007.lvs.ar,481267,1.21633333,0.0508,0.1402,21.183727,1.05918635,0.001059186,45.4,1.37,33.1,-28.6,-2.5,SJER_054,37.116299,-119.732736
42,NEON011B8,NEON011B8,NEON sampleCode (barcode): A00000026756; NEON sampleID: NEON.ltr.SJER058.20191007.lvs.ar,481270,1.14766667,0.0508,0.1402,19.832021,0.99160105,0.000991601,52.03,0.49,106.8,-25.7,-2.6,SJER_058,37.104331,-119.735693
43,NEON011B9,NEON011B9,NEON sampleCode (barcode): A00000026727; NEON sampleID: NEON.ltr.SJER063.20191007.lvs.ar,481271,1.59033333,0.0508,0.1402,28.5459318,1.42729659,0.001427297,46.51,1.08,42.9,-28.3,-2.3,SJER_063,37.110752,-119.738942
44,NEON02HZI,NEON02HZI,NEON sampleCode (barcode): A00000102057; NEON sampleID: NEON.ltr.BONA093.20190917.ndl.ar,733224,1.22566667,0.0508,0.1402,21.3674541,1.068372705,0.001068373,50.52,0.34,148,-30.1,-7,BONA_093,65.155786,-147.504653
45,NEON02HZJ,NEON02HZJ,NEON sampleCode (barcode): A00000102018; NEON sampleID: NEON.ltr.BONA093.20190917.lvs.ar,733225,3.55566667,0.0508,0.1402,74.12971667,3.706485833,0.003706486,50.15,0.89,56.2,-29,-2.7,BONA_093,65.155786,-147.504653
46,NEON02HZO,NEON02HZO,NEON sampleCode (barcode): A00000102006; NEON sampleID: NEON.ltr.BONA084.20190917.lvs.ar,733230,2.53,0.0508,0.1402,47.0433071,2.352165355,0.002352165,49.86,0.98,50.7,-29.4,-7.1,BONA_084,65.155247,-147.512957
47,NEON02HZT,NEON02HZT,NEON sampleCode (barcode): A00000102032; NEON sampleID: NEON.ltr.BONA076.20190917.ndl.ar,733235,1.87433333,0.0508,0.1402,34.1364829,1.706824145,0.001706824,50.11,0.24,208.7916667,-29.5,-4,BONA_076,65.155812,-147.502084
48,NEON02HZU,NEON02HZU,NEON sampleCode (barcode): A00000101985; NEON sampleID: NEON.ltr.BONA075.20190917.lvs.ar,733236,2.92333333,0.0508,0.1402,53.61525,2.6807625,0.002680763,51.14,1,51.2,-29.2,-3.3,BONA_075,65.158209,-147.507859
49,NEON02HZW,NEON02HZW,NEON sampleCode (barcode): A00000102023; NEON sampleID: NEON.ltr.BONA071.20190917.ndl.ar,733238,0.82833333,0.0508,0.1402,13.5459318,0.67729659,0.000677297,50.47,0.31,162.8064516,-28.8,-5.4,BONA_071,65.154979,-147.507196
50,NEON02I01,NEON02I01,NEON sampleCode (barcode): A00000031981; NEON sampleID: NEON.ltr.PUUM044.20181022.lvs.ar,735569,0.54966667,0.0508,0.1402,8.06036745,0.403018373,0.000403018,51.81,0.67,77.32835821,-29.7,-6.1,PUUM_044,19.552827,-155.321465
51,NEON02I04,NEON02I04,NEON sampleCode (barcode): A00000031971; NEON sampleID: NEON.ltr.PUUM040.20181022.lvs.ar,735572,0.64633333,0.0508,0.1402,9.96325459,0.49816273,0.000498163,52.92,1.41,37.53191489,-30,-1.6,PUUM_040,19.552827,-155.319745
52,NEON02I06,NEON02I06,NEON sampleCode (barcode): A00000031998; NEON sampleID: NEON.ltr.PUUM036.20181022.lvs.ar,735574,0.49933333,0.0508,0.1402,7.06955381,0.353477691,0.000353478,52.56,0.71,74.02816901,-29.7,-4.3,PUUM_036,19.554406,-155.323212
53,NEON02I07,NEON02I07,NEON sampleCode (barcode): A00000031974; NEON sampleID: NEON.ltr.PUUM033.20181022.lvs.ar,735575,0.295,0.0508,0.1402,3.04724409,0.152362205,0.000152362,52.83,0.3,176.1,-29.5,-10.3,PUUM_033,19.551459,-155.319443
54,NEON02I08,NEON02I08,NEON sampleCode (barcode): A00000032015; NEON sampleID: NEON.ltr.PUUM031.20181022.lvs.ar,735576,0.599,0.0508,0.1402,9.03149606,0.451574803,0.000451575,51.2,1.18,43.38983051,-29.3,-2,PUUM_031,19.553624,-155.319191
55,NEON00ZD6,NEON00ZD6,NEON sampleID: BBC.HARV033007.20180806.2-10.POOL.AR; NEON sampleCode (barcode): D00000035029,241759,1.48733333,0.0508,0.1402,24.76701031,1.238350515,0.001238351,48.55,0.44,110.3409091,-28,0.2,HARV_033,42.53831,-72.175606
56,NEON00ZD7,NEON00ZD7,NEON sampleID: BBC.HARV033007.20180806.0-05.POOL.AR; NEON sampleCode (barcode): D00000035024,241760,0.962,0.0508,0.1402,16.1771654,0.80885827,0.000808858,52.58,0.98,53.4,-30.1,-0.9,HARV_033,42.53831,-72.175606
57,NEON00ZD0,NEON00ZD0,NEON sampleCode (barcode): A00000032470; NEON sampleID: BBC.HARV034669.20180801.2-10.POOL.AR,241753,0.88966667,0.0508,0.1402,13.96975945,0.698487973,0.000698488,46.28,0.37,125.0810811,-29.2,-1.8,HARV_034,42.535693,-72.177962
58,NEON00ZD1,NEON00ZD1,NEON sampleCode (barcode): A00000032481; NEON sampleID: BBC.HARV034669.20180801.0-05.POOL.AR,241754,1.29766667,0.0508,0.1402,22.7847769,1.139238845,0.001139239,49.21,1.12,43.9375,-28.5,-1.5,HARV_034,42.535693,-72.177962
59,NEON00ZCY,NEON00ZCY,NEON sampleID: BBC.HARV035188.20180723.2-10.POOL.AR; NEON sampleCode (barcode): D00000008510,241751,1.29233333,0.0508,0.1402,22.67979,1.1339895,0.00113399,49.51,0.47,105.3404255,-29.1,-4,HARV_035,42.539971,-72.178087
60,NEON00ZCZ,NEON00ZCZ,NEON sampleID: BBC.HARV035188.20180723.0-05.POOL.AR; NEON sampleCode (barcode): D00000008506,241752,1.32233333,0.0508,0.1402,22.38213058,1.119106529,0.001119107,50.06,1.06,47.3,-27.7,-2.8,HARV_035,42.539971,-72.178087
61,NEON00ZCM,NEON00ZCM,NEON sampleCode (barcode): A00000032520; NEON sampleID: BBC.HARV039780.20180730.2-10.POOL.AR,241739,1.21433333,0.0508,0.1402,19.30309278,0.965154639,0.000965155,49.31,0.48,102.7291667,-28.7,-1.7,HARV_039,42.533244,20
62,NEON00ZCN,NEON00ZCN,NEON sampleCode (barcode): A00000032525; NEON sampleID: BBC.HARV039780.20180730.0-05.POOL.AR,241740,1.30633333,0.0508,0.1402,22.9553806,1.14776903,0.001147769,52.88,1.06,49.88679245,-29.8,-2.5,HARV_039,42.533244,20
63,NEON00ZDG,NEON00ZDG,NEON sampleCode (barcode): A00000032463; NEON sampleID: BBC.HARV051264.20180801.2-10.POOL.AR,241769,0.85733333,0.0508,0.1402,14.1167979,0.705839895,0.00070584,49.57,0.34,145.7941176,-28.4,-1.4,HARV_051,42.53409,-72.179145
64,NEON00ZDJ,NEON00ZDJ,NEON sampleCode (barcode): A00000032459; NEON sampleID: BBC.HARV051264.20180801.0-05.POOL.AR,241772,0.79533333,0.0508,0.1402,12.8963255,0.644816275,0.000644816,51.63,1.08,47.9,-29.2,-0.9,HARV_051,42.53409,-72.179145
65,NEON00ZNW,NEON00ZNW,NEON sampleID: BBC.SCBI045171.20170911.2-10.POOL.AR,246739,1.28466667,0.0508,0.1402,22.5288714,1.12644357,0.001126444,45.52,0.46,98.6,-28.4,-0.7,SCBI_045,38.890566,-78.139431
66,NEON00ZNX,NEON00ZNX,NEON sampleID: BBC.SCBI045171.20170911.05-1.POOL.AR,246740,2.20166667,0.0508,0.1402,40.5800525,2.029002625,0.002029003,44.975,2.015,22.3,-27.6,1.2,SCBI_045,38.890566,-78.139431
67,NEON00ZMT,NEON00ZMT,NEON sampleID: BBC.SCBI062344.20170821.2-10.POOL.AR,246700,2.054,0.0508,0.1402,37.6732283,1.883661415,0.001883661,45.56,0.66,68.6,-28.3,-2.3,SCBI_062,38.889773,-78.140518
68,NEON00ZMU,NEON00ZMU,NEON sampleID: BBC.SCBI062344.20170821.05-1.POOL.AR,246701,1.562,0.0508,0.1402,27.988189,1.39940945,0.001399409,42.84,1.48,28.9,-28.9,-0.6,SCBI_062,38.890803,-78.137674
69,NEON00ZNL,NEON00ZNL,NEON sampleID: BBC.SCBI048596.20170905.2-10.POOL.AR,246728,0.811,0.0508,0.1402,13.2047244,0.66023622,0.000660236,47.44,0.87,54.2,-28.6,-0.7,SCBI_048,38.892469,-78.140415
70,NEON00ZNM,NEON00ZNM,NEON sampleID: BBC.SCBI048596.20170905.05-1.POOL.AR,246729,1.46166667,0.0508,0.1402,26.0131234,1.30065617,0.001300656,40.33,1.9,21.2,-28.7,0.8,SCBI_048,38.892469,-78.140415
71,NEON00ZNN,NEON00ZNN,NEON sampleID: BBC.SCBI047654.20170913.2-10.POOL.AR,246730,0.829,0.0508,0.1402,13.5590551,0.677952755,0.000677953,46.66,0.66,70.5,-29,-2.2,SCBI_047,38.893934,-78.135517
72,NEON00ZNO,NEON00ZNO,NEON sampleID: BBC.SCBI047654.20170913.05-1.POOL.AR,246731,1.511,0.0508,0.1402,26.984252,1.3492126,0.001349213,43.62,1.61,27.15,-29.15,-0.4,SCBI_047,38.893934,-78.135517
73,NEON00ZNR,NEON00ZNR,NEON sampleID: BBC.SCBI046153.20170823.2-10.POOL.AR,246734,0.807,0.0508,0.1402,13.1259843,0.656299215,0.000656299,45.55,0.46,98.8,-26.9,-0.7,SCBI_046,38.895117,-78.138236
74,NEON00ZNT,NEON00ZNT,NEON sampleID: BBC.SCBI046153.20170823.05-1.POOL.AR,246736,1.17866667,0.0508,0.1402,20.4422572,1.02211286,0.001022113,45.24,1.23,36.7,-28.7,0.1,SCBI_046,38.889714,-78.138472
75,NEON00ZJ9,NEON00ZJ9,NEON sampleCode (barcode): A00000039208; NEON sampleID: BBC.GUAN045943.20181024.2-10.POOL.AR,244888,0.376,0.0508,0.1402,4.64173228,0.232086614,0.000232087,44.18,0.64,68.9,-26.8,0.3,GUAN_045,17.969212,-66.873903
76,NEON00ZJB,NEON00ZJB,NEON sampleCode (barcode): A00000039219; NEON sampleID: BBC.GUAN045943.20181024.05-1.POOL.AR,244890,0.50833333,0.0508,0.1402,7.24671916,0.362335958,0.000362336,45.67,1.13,40.3,-27.2,1.3,GUAN_045,17.969212,-66.873903
77,NEON00ZL1,NEON00ZL1,NEON sampleCode (barcode): A00000039210; NEON sampleID: BBC.GUAN047885.20181101.2-10.POOL.AR,244972,0.57633333,0.0508,0.1402,8.58530184,0.429265092,0.000429265,44.15,0.89,49.5,-26.7,-0.5,GUAN_047,17.973185,-66.866786
78,NEON00ZL3,NEON00ZL3,NEON sampleCode (barcode): A00000039196; NEON sampleID: BBC.GUAN047885.20181101.0-05.POOL.AR,244974,0.77133333,0.0508,0.1402,12.4238845,0.621194225,0.000621194,45.55,1.63,28,-26.7,-0.1,GUAN_047,17.973185,-66.866786
79,NEON00ZKX,NEON00ZKX,NEON sampleCode (barcode): A00000039503; NEON sampleID: BBC.GUAN049386.20181101.2-10.POOL.AR,244968,0.49966667,0.0508,0.1402,7.07611549,0.353805775,0.000353806,45.56,1.21,37.8,-26.5,2.3,GUAN_049,17.967743,-66.8643
80,NEON00ZKZ,NEON00ZKZ,NEON sampleCode (barcode): A00000039470; NEON sampleID: BBC.GUAN049386.20181101.05-1.POOL.AR,244970,0.63066667,0.0508,0.1402,8.95257732,0.447628866,0.000447629,47.375,2.15,22.9,-26.9,1.55,GUAN_049,17.967743,-66.8643
81,NEON00ZK8,NEON00ZK8,NEON sampleCode (barcode): A00000039206; NEON sampleID: BBC.GUAN056036.20181023.2-10.POOL.AR,244943,0.29533333,0.0508,0.1402,3.05380577,0.152690289,0.00015269,47.19,0.58,81.36206897,-28.2,0.5,GUAN_056,17.971008,-66.865387
82,NEON00ZKA,NEON00ZKA,NEON sampleCode (barcode): A00000039683; NEON sampleID: BBC.GUAN056036.20181023.05-1.POOL.AR,244945,0.444,0.0508,0.1402,5.529897,0.27649485,0.000276495,47.37,0.97,49,-28.4,1.1,GUAN_056,17.971008,-66.865387
83,NEON00ZK2,NEON00ZK2,NEON sampleCode (barcode): A00000039423; NEON sampleID: BBC.GUAN057607.20181030.2-10.POOL.AR,244937,0.38366667,0.0508,0.1402,4.79265092,0.239632546,0.000239633,45.89,0.91,50.5,-26.8,1.7,GUAN_057,17.96857,-66.865136
84,NEON00ZK4,NEON00ZK4,NEON sampleCode (barcode): A00000039405; NEON sampleID: BBC.GUAN057607.20181030.05-1.POOL.AR,244939,0.569,0.0508,0.1402,7.811683849,0.390584192,0.000390584,39.66,1.39,28.5,-27.2,1.9,GUAN_057,17.96857,-66.865136
85,NEON01013,NEON01013,NEON sampleCode (barcode): A00000077928; NEON sampleID: BBC.UNDE037620.20190812.0-1.POOL.AR,481043,0.93933333,0.0508,0.1402,15.0419244,0.75209622,0.000752096,48.06,1.06,45.5,-29.2,-1.4,UNDE_037,46.231276,-89.541941
86,NEON01015,NEON01015,NEON sampleCode (barcode): A00000077927; NEON sampleID: BBC.UNDE037620.20190812.2-10.POOL.AR,481045,0.72866667,0.0508,0.1402,11.3580756,0.56790378,0.000567904,46.98,0.46,102.3,-28.4,-1.6,UNDE_037,46.231276,-89.541941
87,NEON01019,NEON01019,NEON sampleCode (barcode): A00000077977; NEON sampleID: BBC.UNDE043415.20190813.0-1.POOL.AR,481049,1.03566667,0.0508,0.1402,17.60549828,0.880274914,0.000880275,49.99,0.97,51.8,-29.6,0.7,UNDE_043,46.234247,-89.542459
88,NEON0101B,NEON0101B,NEON sampleCode (barcode): A00000077947; NEON sampleID: BBC.UNDE043415.20190813.2-10.POOL.AR,481051,0.802,0.0508,0.1402,13.0275591,0.651377955,0.000651378,49.52,0.45,110.1,-29.6,-0.9,UNDE_043,46.234247,-89.542459
89,NEON02C2Y,NEON02C2Y,NEON sampleCode (barcode): A00000078272; NEON sampleID: BBC.UNDE048632.20190812.0-1.POOL.AR,665441,0.98633333,0.0508,0.1402,16.656168,0.8328084,0.000832808,48.73,1.05,46.3,-28.6,0,UNDE_048,46.232136,-89.540445
90,NEON02C30,NEON02C30,NEON sampleCode (barcode): A00000078264; NEON sampleID: BBC.UNDE048632.20190812.2-10.POOL.AR,665443,0.69166667,0.0508,0.1402,10.855643,0.54278215,0.000542782,48.79,0.55,89.4,-29.2,-1.8,UNDE_048,46.232136,-89.540445
91,NEON0101M,NEON0101M,NEON sampleCode (barcode): A00000077938; NEON sampleID: BBC.UNDE049136.20190820.0-1.POOL.AR,481062,1.13633333,0.0508,0.1402,19.6089239,0.980446195,0.000980446,44.98,1.57,28.7,-30.9,-0.1,UNDE_049,46.230581,-89.536457
92,NEON0101N,NEON0101N,NEON sampleCode (barcode): A00000077936; NEON sampleID: BBC.UNDE049136.20190820.2-10.POOL.AR,481063,0.68666667,0.0508,0.1402,10.7572178,0.53786089,0.000537861,44.79,0.97,46,-29.7,-0.1,UNDE_049,46.230581,-89.536457
93,NEON02C3L,NEON02C3L,NEON sampleCode (barcode): A00000079044; NEON sampleID: BBC.UNDE057191.20190813.0-1.POOL.AR,665464,0.944,0.0508,0.1402,15.8228346,0.79114173,0.000791142,48.88,1.18,41.6,-27.9,-2,UNDE_057,46.2343,-89.540921
94,NEON02C3M,NEON02C3M,NEON sampleCode (barcode): A00000079042; NEON sampleID: BBC.UNDE057191.20190813.2-10.POOL.AR,665465,0.447,0.0508,0.1402,6.03937008,0.301968504,0.000301969,50.01,0.64,78.1,-27.3,-2.2,UNDE_057,46.2343,-89.540921
95,NEON00ZUY,NEON00ZUY,NEON sampleCode (barcode): A00000083805; NEON sampleID: BBC.DELA040291.20190716.0-1.POOL.AR,394477,1.87,0.0508,0.1402,34.0511811,1.702559055,0.001702559,43.07,1.27,33.8,-29.2,3.7,DELA_040,32.53881,-87.804512
96,NEON00ZV0,NEON00ZV0,NEON sampleCode (barcode): A00000083771; NEON sampleID: BBC.DELA040291.20190716.2-10.POOL.AR,394479,1.52266667,0.0508,0.1402,27.2139108,1.36069554,0.001360696,44.23,0.55,80.9,-28.1,2.6,DELA)040,32.53881,-87.804512
97,NEON00ZV1,NEON00ZV1,NEON sampleCode (barcode): A00000083840; NEON sampleID: BBC.DELA041044.20190729.0-1.POOL.AR,394480,1.416,0.0508,0.1402,25.1141732,1.25570866,0.001255709,47.36,1.16,40.7,-28.7,4.9,DELA_041,32.540703,-87.807742
98,NEON00ZV2,NEON00ZV2,NEON sampleCode (barcode): A00000083827; NEON sampleID: BBC.DELA041044.20190729.2-10.POOL.AR,394481,1.259,0.0508,0.1402,22.023622,1.1011811,0.001101181,47.05,0.66,71.6,-28.7,4.2,DELA_041,32.540703,-87.807742
99,NEON00ZV4,NEON00ZV4,NEON sampleCode (barcode): A00000083832; NEON sampleID: BBC.DELA042327.20190729.0-1.POOL.AR,394483,1.49033333,0.0508,0.1402,26.5774278,1.32887139,0.001328871,43.66,0.88,49.6,-30.4,2.6,DELA_042,32.541787,-87.805204
100,NEON00ZV5,NEON00ZV5,NEON sampleCode (barcode): A00000083835; NEON sampleID: BBC.DELA042327.20190729.2-10.POOL.AR,394484,1.173,0.0508,0.1402,20.3307087,1.016535435,0.001016535,44.34,0.53,84.1,-28.3,1.6,DELA_042,32.541787,-87.805204
101,NEON00ZV7,NEON00ZV7,NEON sampleCode (barcode): A00000083818; NEON sampleID: BBC.DELA043575.20190722.0-1.POOL.AR,394486,1.465,0.0508,0.1402,26.0787402,1.30393701,0.001303937,43.59,1.79,24.4,-29.2,0,DELA_043,32.539604,-87.806783
102,NEON00ZV9,NEON00ZV9,NEON sampleCode (barcode): A00000083759; NEON sampleID: BBC.DELA043575.20190722.2-10.POOL.AR,394488,1.703,0.0508,0.1402,31.63298969,1.581649485,0.001581649,41.55,1.01,41.1,-27.7,1,DELA_043,32.539604,-87.806783
103,NEON00ZVK,NEON00ZVK,NEON sampleCode (barcode): A00000083977; NEON sampleID: BBC.DELA047646.20190730.0-1.POOL.AR,394499,1.28333333,0.0508,0.1402,24.48522337,1.224261168,0.001224261,45.71,1.06,43.2,-29.6,2.4,DELA_047,32.539653,-87.800371
104,NEON00ZVM,NEON00ZVM,NEON sampleCode (barcode): A00000083981; NEON sampleID: BBC.DELA047646.20190730.2-10.POOL.AR,394501,3.146,0.0508,0.1402,61.73446667,3.086723333,0.003086723,44.52,0.87,50.9,-30.6,1.6,DELA_047,32.539653,-87.800371
105,NEON00ZFB,NEON00ZFB,NEON sampleCode (barcode): B00000025865; NEON sampleID: BBC.MLBS075710.20180820.2-10.POOL.AR,244678,1.133,0.0508,0.1402,19.5433071,0.977165355,0.000977165,44.38,0.32,136.7,-28.1,-1.6,MLBS_075,31.852659,-88.161998
106,NEON00ZFD,NEON00ZFD,NEON sampleCode (barcode): B00000025861; NEON sampleID: BBC.MLBS075710.20180820.05-1.POOL.AR,244680,1.119,0.0508,0.1402,19.2677165,0.963385825,0.000963386,47.3,0.46,103.5,-28.7,-0.7,MLBS_075,31.852659,-88.161998
107,NEON00ZFI,NEON00ZFI,NEON sampleCode (barcode): B00000025857; NEON sampleID: BBC.MLBS074347.20180816.2-10.POOL.AR,244685,1.64933333,0.0508,0.1402,29.7073491,1.485367455,0.001485367,44.21,0.89,49.8,-26.6,1.7,MLBS_074,37.377761,-80.524585
108,NEON00ZFK,NEON00ZFK,NEON sampleCode (barcode): B00000025853; NEON sampleID: BBC.MLBS074347.20180816.05-1.POOL.AR,244687,1.34666667,0.0508,0.1402,23.7493438,1.18746719,0.001187467,47.87,0.85,57.6,-28.4,0.8,MLBS_074,37.377761,-80.524585
109,NEON00ZFN,NEON00ZFN,NEON sampleCode (barcode): B00000025380; NEON sampleID: BBC.MLBS073277.20180815.2-10.POOL.AR,244690,1.35633333,0.0508,0.1402,23.9396325,1.196981625,0.001196982,45.97,0.56,82.6,-28.2,0.1,MLBS_073,37.378011,-80.525919
110,NEON00ZFO,NEON00ZFO,NEON sampleCode (barcode): B00000025363; NEON sampleID: BBC.MLBS073277.20180815.05-1.POOL.AR,244691,1.65866667,0.0508,0.1402,29.8910761,1.494553805,0.001494554,48.94,1.03,52.4,-28.6,0.7,MLBS_073,37.378011,-80.525919
111,NEON00ZGF,NEON00ZGF,NEON sampleCode (barcode): B00000025771; NEON sampleID: BBC.MLBS067054.20180814.2-10.POOL.AR,244718,1.34966667,0.0508,0.1402,23.808399,1.19041995,0.00119042,44.41,0.56,83.7,-28,-1.4,MLBS_067,37.37856,-80.52727
112,NEON00ZGH,NEON00ZGH,NEON sampleCode (barcode): B00000025775; NEON sampleID: BBC.MLBS067054.20180814.05-1.POOL.AR,244720,1.04166667,0.0508,0.1402,17.7454068,0.88727034,0.00088727,47.2,0.83,60.4,-28.7,-1.1,MLBS_067,37.37856,-80.52727
113,NEON00ZGT,NEON00ZGT,NEON sampleCode (barcode): B00000025358; NEON sampleID: BBC.MLBS063936.20180814.2-10.POOL.AR,244732,1.50566667,0.0508,0.1402,26.8792651,1.343963255,0.001343963,46.42,0.6,93.8,-28.2,-2.1,MLBS_063,31.853773,-88.161978
114,NEON00ZGU,NEON00ZGU,NEON sampleCode (barcode): B00000025360; NEON sampleID: BBC.MLBS063936.20180814.05-1.POOL.AR,244733,1.19566667,0.0508,0.1402,20.7769029,1.038845145,0.001038845,49.44,0.94,59.9,-28.8,-0.9,MLBS_063,31.857053,-88.161742
115,NEON02FC6,NEON02FC6,NEON sampleCode (barcode): A00000139928; NEON sampleID: BBC.WREF077575.20190903.0-1.POOL.AR,730563,1.27233333,0.0508,0.1402,24.90446735,1.245223368,0.001245223,45.24,0.81,55.8,-29.6,-0.8,WREF_077,45.823126,-121.958667
116,NEON02FCG,NEON02FCG,NEON sampleCode (barcode): A00000139927; NEON sampleID: BBC.WREF077575.20190903.1-2.POOL.AR,730573,0.948,0.0508,0.1402,16.16907216,0.808453608,0.000808454,47.19,0.59,79.4,-28.8,-1.8,WREF_077,45.823126,-121.958667
117,NEON02FC3,NEON02FC3,NEON sampleCode (barcode): A00000139666; NEON sampleID: BBC.WREF070145.20190821.0-1.POOL.AR,730560,1.71966667,0.0508,0.1402,30.38900344,1.519450172,0.00151945,44.8,0.67,67.1,-28.6,-0.4,WREF_070,45.824185,-121.955555
118,NEON02FCD,NEON02FCD,NEON sampleCode (barcode): A00000139688; NEON sampleID: BBC.WREF070145.20190821.1-2.POOL.AR,730570,1.15733333,0.0508,0.1402,19.66735395,0.983367698,0.000983368,51.16,0.52,98.9,-29,-2.9,WREF_070,45.824185,-121.955555
119,NEON02FEN,NEON02FEN,NEON sampleCode (barcode): A00000140149; NEON sampleID: BBC.WREF075096.20190826.2-10.POOL.AR,730652,0.785,0.0508,0.1402,12.6929134,0.63464567,0.000634646,49.35,0.31,160,-30.4,-3.9,WREF_075,45.826901,-121.958225
120,NEON02FEP,NEON02FEP,NEON sampleCode (barcode): A00000140105; NEON sampleID: BBC.WREF075096.20190826.0-1.POOL.AR,730654,1.56433333,0.0508,0.1402,32.8838488,1.64419244,0.001644192,47.27,0.7,68,-28.4,-2.8,WREF_075,45.826901,-121.958225
121,NEON02FDP,NEON02FDP,NEON sampleCode (barcode): A00000139877; NEON sampleID: BBC.WREF089080.20190903.0-1.POOL.AR,730618,1.61433333,0.0508,0.1402,28.82199313,1.441099656,0.0014411,42.61,0.77,55.4,-28,-1.5,WREF_089,45.822925,-121.960577
122,NEON02FE7,NEON02FE7,NEON sampleCode (barcode): A00000139879; NEON sampleID: BBC.WREF089080.20190903.2-10.POOL.AR,730636,0.73866667,0.0508,0.1402,11.7808399,0.589041995,0.000589042,47.47,0.44,-29.3,-29.3,-3.4,WREF_089,45.822925,-121.960577
123,NEON02FDS,NEON02FDS,NEON sampleCode (barcode): A00000139669; NEON sampleID: BBC.WREF086051.20190828.0-1.POOL.AR,730621,1.27833333,0.0508,0.1402,22.4041995,1.120209975,0.00112021,48.01,0.8,60.2,-29.3,-1.9,WREF_086,45.822279,-121.957115
124,NEON02FEA,NEON02FEA,NEON sampleCode (barcode): A00000139677; NEON sampleID: BBC.WREF086051.20190828.2-10.POOL.AR,730639,0.75266667,0.0508,0.1402,12.0564304,0.60282152,0.000602822,49.58,0.43,116.4,-29.1,-3.5,WREF_086,45.822279,-121.957115
125,NEON02FBS,NEON02FBS,NEON sampleCode (barcode): A00000101528; NEON sampleID: BBC.BONA093405.20190807.0-1.POOL.AR,730510,1.96633333,0.0508,0.1402,34.213382,1.7106691,0.001710669,48.81,1,49.1,-27.4,0.4,BONA_093,65.155786,-147.504653
126,NEON02FBU,NEON02FBU,NEON sampleCode (barcode): A00000101532; NEON sampleID: BBC.BONA093405.20190807.2-10.POOL.AR,730512,1.14933333,0.0508,0.1402,19.8648294,0.99324147,0.000993241,49.88,0.67,74.5,-27.7,-1.9,BONA_093,65.155786,-147.504653
127,NEON02FAZ,NEON02FAZ,NEON sampleCode (barcode): A00000101462; NEON sampleID: BBC.BONA084608.20190729.0-1.POOL.AR,730481,2.085,0.0508,0.1402,38.2834646,1.91417323,0.001914173,44.2,1.375,32.15,-29.7,1.4,BONA_084,65.155247,-147.512957
128,NEON02FB1,NEON02FB1,NEON sampleCode (barcode): A00000101466; NEON sampleID: BBC.BONA084608.20190729.2-10.POOL.AR,730483,1.48666667,0.0508,0.1402,26.5052493,1.325262465,0.001325262,49.4,0.62,80.3,-30,-0.4,BONA_084,65.155247,-147.512957
129,NEON02F9J,NEON02F9J,NEON sampleCode (barcode): A00000101333; NEON sampleID: BBC.BONA076947.20190826.0-1.POOL.AR,730429,1.43066667,0.0508,0.1402,25.4028871,1.270144355,0.001270144,48.93,0.95,51.5,-28.6,-0.8,BONA_076,65.155812,-147.502084
130,NEON02F9U,NEON02F9U,NEON sampleCode (barcode): A00000101328; NEON sampleID: BBC.BONA076947.20190826.2-10.POOL.AR,730440,0.71966667,0.0508,0.1402,11.4068241,0.570341205,0.000570341,51.6,0.54,95.9,-28,1.8,BONA_076,65.155812,-147.502084
131,NEON02F9M,NEON02F9M,NEON sampleCode (barcode): A00000101309; NEON sampleID: BBC.BONA075953.20190805.0-1.POOL.AR,730432,1.54066667,0.0508,0.1402,28.67766323,1.433883162,0.001433883,49.43,1.39,35.7,-28.6,-1.1,BONA_075,65.158209,-147.507859
132,NEON02F9O,NEON02F9O,NEON sampleCode (barcode): A00000101313; NEON sampleID: BBC.BONA075953.20190805.2-10.POOL.AR,730434,0.91433333,0.0508,0.1402,15.2388451,0.761942255,0.000761942,49.12,0.78,63.3,-28.3,-2.6,BONA_075,65.158209,-147.507859
133,NEON02F8V,NEON02F8V,NEON sampleCode (barcode): A00000101104; NEON sampleID: BBC.BONA071109.20190903.0-1.POOL.AR,730405,1.27233333,0.0508,0.1402,22.2860892,1.11430446,0.001114304,50.12,0.88,57.1,-27.7,-1.1,BONA_071,65.154979,-147.507196
134,NEON02F8X,NEON02F8X,NEON sampleCode (barcode): A00000101108; NEON sampleID: BBC.BONA071109.20190903.2-10.POOL.AR,730407,0.67766667,0.0508,0.1402,10.5800525,0.529002625,0.000529003,51.66,0.69,74.4,-27.4,-1.5,BONA_071,65.154979,-147.507196
135,NEON02FG4,NEON02FG4,NEON sampleCode (barcode): A00000031906; NEON sampleID: BBC.PUUM044156.20190610.2-10.POOL.AR,735620,0.37933333,0.0508,0.1402,4.70734908,0.235367454,0.000235367,47.79,0.38,125.7631579,-29.5,-3.8,PUUM_044,19.552827,-155.321465
136,NEON02YUR,NEON02YUR,NEON sampleCode (barcode): A00000031886; NEON sampleID: BBC.PUUM044156.20190610.0-1.POOL.AR,735622,0.59433333,0.0508,0.1402,8.93963255,0.446981628,0.000446982,49.67,0.69,71.98550725,-29.2,-4.1,PUUM_044,19.552827,-155.321465
137,NEON02FGA,NEON02FGA,NEON sampleCode (barcode): A00000066314; NEON sampleID: BBC.PUUM040153.20190528.2-10.POOL.AR,735627,0.51366667,0.0508,0.1402,7.35170604,0.367585302,0.000367585,48.99,1.02,48.02941176,-28.2,-2.3,PUUM_040,19.552827,-155.319745
138,NEON02FGC,NEON02FGC,NEON sampleCode (barcode): A00000031919; NEON sampleID: BBC.PUUM040153.20190528.0-1.POOL.AR,735629,0.77733333,0.0508,0.1402,12.5419948,0.62709974,0.0006271,49.72,1.7,29.24705882,-28.2,-2.9,PUUM_040,19.552827,-155.319745
139,NEON02FGH,NEON02FGH,NEON sampleCode (barcode): A00000031921; NEON sampleID: BBC.PUUM036156.20190603.2-10.POOL.AR,735634,0.47,0.0508,0.1402,6.49212598,0.324606299,0.000324606,48.33,1.3,37.17692308,-28.5,-2.8,PUUM_036,19.554406,-155.323212
140,NEON02FGJ,NEON02FGJ,NEON sampleCode (barcode): A00000031931; NEON sampleID: BBC.PUUM036156.20190603.0-1.POOL.AR,735636,0.87266667,0.0508,0.1402,14.4186352,0.72093176,0.000720932,47.91,1.4,34.22142857,-28.4,-1.6,PUUM_036,19.554406,-155.323212
141,NEON02FGQ,NEON02FGQ,NEON sampleCode (barcode): A00000031939; NEON sampleID: BBC.PUUM033156.20190624.2-10.POOL.AR,735643,0.29633333,0.0508,0.1402,3.07349081,0.153674541,0.000153675,44.28,0.29,152.6896552,-28.1,-6,PUUM_033,19.551459,-155.319443
142,NEON02FGS,NEON02FGS,NEON sampleCode (barcode): A00000031937; NEON sampleID: BBC.PUUM033156.20190624.0-1.POOL.AR,735645,0.42666667,0.0508,0.1402,5.63910761,0.281955381,0.000281955,49.19,0.59,83.37288136,-29.1,-5.1,PUUM_033,19.551459,-155.319443
143,NEON02FGW,NEON02FGW,NEON sampleCode (barcode): A00000031933; NEON sampleID: BBC.PUUM031150.20190506.2-10.POOL.AR,735649,0.37466667,0.0508,0.1402,4.61548556,0.230774278,0.000230774,50.12,1.27,39.46456693,-28.8,-1.3,PUUM_031,19.553624,-155.319191
144,NEON02FGY,NEON02FGY,NEON sampleCode (barcode): A00000031944; NEON sampleID: BBC.PUUM031150.20190506.0-1.POOL.AR,735651,0.56433333,0.0508,0.1402,8.34908136,0.417454068,0.000417454,50.21,1.63,30.80368098,-28.4,-1.7,PUUM_031,19.553624,-155.319191